Название вакансии;Название компании;Зарплата;Ссылка на вакансию
Full-stack разработчик (программист фулстек);ООО Делу время;Full-stack разработчик (программист фулстек);https://tomsk.hh.ru/vacancy/110621883?query=%D0%BF%D1%80%D0%BE%D0%B3%D1%80%D0%B0%D0%BC%D0%BC%D0%B8%D1%81%D1%82&hhtmFrom=vacancy_search_list
Back-end разработчик (PHP);ООО Система;Back-end разработчик (PHP);https://tomsk.hh.ru/vacancy/108771241?query=%D0%BF%D1%80%D0%BE%D0%B3%D1%80%D0%B0%D0%BC%D0%BC%D0%B8%D1%81%D1%82&hhtmFrom=vacancy_search_list
Программист;Головное подразделение Сибагро;Программист;https://tomsk.hh.ru/vacancy/108310940?query=%D0%BF%D1%80%D0%BE%D0%B3%D1%80%D0%B0%D0%BC%D0%BC%D0%B8%D1%81%D1%82&hhtmFrom=vacancy_search_list
Инженер-программист;Латат;Инженер-программист;https://tomsk.hh.ru/vacancy/109807418?query=%D0%BF%D1%80%D0%BE%D0%B3%D1%80%D0%B0%D0%BC%D0%BC%D0%B8%D1%81%D1%82&hhtmFrom=vacancy_search_list
Инженер-программист/инженер-программист АСУ ТП;АО Спецэлектромеханика, НПО;Инженер-программист/инженер-программист АСУ ТП;https://tomsk.hh.ru/vacancy/108775596?query=%D0%BF%D1%80%D0%BE%D0%B3%D1%80%D0%B0%D0%BC%D0%BC%D0%B8%D1%81%D1%82&hhtmFrom=vacancy_search_list
Программист поддержки;Головное подразделение Сибагро;Программист поддержки;https://tomsk.hh.ru/vacancy/109253878?query=%D0%BF%D1%80%D0%BE%D0%B3%D1%80%D0%B0%D0%BC%D0%BC%D0%B8%D1%81%D1%82&hhtmFrom=vacancy_search_list
Программист / Ведущий инженер-программист;ООО ТРАНСМАШ-ТОМСК;Программист / Ведущий инженер-программист;https://tomsk.hh.ru/vacancy/110192276?query=%D0%BF%D1%80%D0%BE%D0%B3%D1%80%D0%B0%D0%BC%D0%BC%D0%B8%D1%81%D1%82&hhtmFrom=vacancy_search_list
Программист 1С (Инженер-программист);СибГМУ;Программист 1С (Инженер-программист);https://tomsk.hh.ru/vacancy/108229103?query=%D0%BF%D1%80%D0%BE%D0%B3%D1%80%D0%B0%D0%BC%D0%BC%D0%B8%D1%81%D1%82&hhtmFrom=vacancy_search_list
Инженер-программист;ООО Encore;Инженер-программист;https://tomsk.hh.ru/vacancy/109220906?query=%D0%BF%D1%80%D0%BE%D0%B3%D1%80%D0%B0%D0%BC%D0%BC%D0%B8%D1%81%D1%82&hhtmFrom=vacancy_search_list
Инженер-программист;Томская электронная компания , ООО НПП;Инженер-программист;https://tomsk.hh.ru/vacancy/83312825?query=%D0%BF%D1%80%D0%BE%D0%B3%D1%80%D0%B0%D0%BC%D0%BC%D0%B8%D1%81%D1%82&hhtmFrom=vacancy_search_list
Программист;ОГАУЗ Светленская РБ;Программист;https://tomsk.hh.ru/vacancy/104886437?query=%D0%BF%D1%80%D0%BE%D0%B3%D1%80%D0%B0%D0%BC%D0%BC%D0%B8%D1%81%D1%82&hhtmFrom=vacancy_search_list
Программист 1С;ООО Лидерпак;Программист 1С;https://tomsk.hh.ru/vacancy/109069380?query=%D0%BF%D1%80%D0%BE%D0%B3%D1%80%D0%B0%D0%BC%D0%BC%D0%B8%D1%81%D1%82&hhtmFrom=vacancy_search_list
Инженер-программист;Latat;Инженер-программист;https://tomsk.hh.ru/vacancy/106808821?query=%D0%BF%D1%80%D0%BE%D0%B3%D1%80%D0%B0%D0%BC%D0%BC%D0%B8%D1%81%D1%82&hhtmFrom=vacancy_search_list
Программист / Ведущий инженер-программист;ООО ТРАНСМАШ-ТОМСК;Программист / Ведущий инженер-программист;https://tomsk.hh.ru/vacancy/108737694?query=%D0%BF%D1%80%D0%BE%D0%B3%D1%80%D0%B0%D0%BC%D0%BC%D0%B8%D1%81%D1%82&hhtmFrom=vacancy_search_list
Программист;Счетная палата Города Томска;Программист;https://tomsk.hh.ru/vacancy/108572455?query=%D0%BF%D1%80%D0%BE%D0%B3%D1%80%D0%B0%D0%BC%D0%BC%D0%B8%D1%81%D1%82&hhtmFrom=vacancy_search_list
Программист;ООО СИНЕКТА;Программист;https://tomsk.hh.ru/vacancy/105792744?query=%D0%BF%D1%80%D0%BE%D0%B3%D1%80%D0%B0%D0%BC%D0%BC%D0%B8%D1%81%D1%82&hhtmFrom=vacancy_search_list
Программист;Компания ЭлеСи, Томск;Программист;https://tomsk.hh.ru/vacancy/108705790?query=%D0%BF%D1%80%D0%BE%D0%B3%D1%80%D0%B0%D0%BC%D0%BC%D0%B8%D1%81%D1%82&hhtmFrom=vacancy_search_list
Web-разработчик - программист;Redline;Web-разработчик - программист;https://tomsk.hh.ru/vacancy/108745374?query=%D0%BF%D1%80%D0%BE%D0%B3%D1%80%D0%B0%D0%BC%D0%BC%D0%B8%D1%81%D1%82&hhtmFrom=vacancy_search_list
Программист 1С (управленческий учет);АО ИнфоТеКС;Программист 1С (управленческий учет);https://tomsk.hh.ru/vacancy/107354683?query=%D0%BF%D1%80%D0%BE%D0%B3%D1%80%D0%B0%D0%BC%D0%BC%D0%B8%D1%81%D1%82&hhtmFrom=vacancy_search_list
Программист 1С;ЛАМА, Группа компаний;Программист 1С;https://tomsk.hh.ru/vacancy/110191921?query=%D0%BF%D1%80%D0%BE%D0%B3%D1%80%D0%B0%D0%BC%D0%BC%D0%B8%D1%81%D1%82&hhtmFrom=vacancy_search_list
Программист 1С;АО Научно-исследовательский институт полупроводниковых приборов;Программист 1С;https://tomsk.hh.ru/vacancy/109705588?query=%D0%BF%D1%80%D0%BE%D0%B3%D1%80%D0%B0%D0%BC%D0%BC%D0%B8%D1%81%D1%82&hhtmFrom=vacancy_search_list
Ведущий инженер-программист;Головное подразделение Сибагро;Ведущий инженер-программист;https://tomsk.hh.ru/vacancy/108310262?query=%D0%BF%D1%80%D0%BE%D0%B3%D1%80%D0%B0%D0%BC%D0%BC%D0%B8%D1%81%D1%82&hhtmFrom=vacancy_search_list
Инженер-программист АСУ ТП;Латат;Инженер-программист АСУ ТП;https://tomsk.hh.ru/vacancy/109807420?query=%D0%BF%D1%80%D0%BE%D0%B3%D1%80%D0%B0%D0%BC%D0%BC%D0%B8%D1%81%D1%82&hhtmFrom=vacancy_search_list
Программист 1С;Национальный исследовательский Томский политехнический университет;Программист 1С;https://tomsk.hh.ru/vacancy/97100558?query=%D0%BF%D1%80%D0%BE%D0%B3%D1%80%D0%B0%D0%BC%D0%BC%D0%B8%D1%81%D1%82&hhtmFrom=vacancy_search_list
Программист 1С в IT-компанию;ООО ИЦ КонсультантЪ;Программист 1С в IT-компанию;https://tomsk.hh.ru/vacancy/93180931?query=%D0%BF%D1%80%D0%BE%D0%B3%D1%80%D0%B0%D0%BC%D0%BC%D0%B8%D1%81%D1%82&hhtmFrom=vacancy_search_list
Программист 1С;АО ТомскНИПИнефть;Программист 1С;https://tomsk.hh.ru/vacancy/108404165?query=%D0%BF%D1%80%D0%BE%D0%B3%D1%80%D0%B0%D0%BC%D0%BC%D0%B8%D1%81%D1%82&hhtmFrom=vacancy_search_list
Ведущий инженер-программист;ПАО Россети Томск;Ведущий инженер-программист;https://tomsk.hh.ru/vacancy/110592980?query=%D0%BF%D1%80%D0%BE%D0%B3%D1%80%D0%B0%D0%BC%D0%BC%D0%B8%D1%81%D1%82&hhtmFrom=vacancy_search_list
Backend-разработчик С++;АО ИнфоТеКС;Backend-разработчик С++;https://tomsk.hh.ru/vacancy/110283390?query=%D0%BF%D1%80%D0%BE%D0%B3%D1%80%D0%B0%D0%BC%D0%BC%D0%B8%D1%81%D1%82&hhtmFrom=vacancy_search_list
Junior Game Developer;Siberteam;Сейчас смотрит 1 человек;https://tomsk.hh.ru/vacancy/110621436?query=%D0%BF%D1%80%D0%BE%D0%B3%D1%80%D0%B0%D0%BC%D0%BC%D0%B8%D1%81%D1%82&hhtmFrom=vacancy_search_list
Инженер - программист 1С;АО НПЦ Полюс;Инженер - программист 1С;https://tomsk.hh.ru/vacancy/108493874?query=%D0%BF%D1%80%D0%BE%D0%B3%D1%80%D0%B0%D0%BC%D0%BC%D0%B8%D1%81%D1%82&hhtmFrom=vacancy_search_list
Математик-программист;Алабуга. Проектный менеджмент;Математик-программист;https://tomsk.hh.ru/vacancy/109129045?query=%D0%BF%D1%80%D0%BE%D0%B3%D1%80%D0%B0%D0%BC%D0%BC%D0%B8%D1%81%D1%82&hhtmFrom=vacancy_search_list
Erlang разработчик;UserGate;Erlang разработчик;https://tomsk.hh.ru/vacancy/95684202?query=%D0%BF%D1%80%D0%BE%D0%B3%D1%80%D0%B0%D0%BC%D0%BC%D0%B8%D1%81%D1%82&hhtmFrom=vacancy_search_list
Продакт Разработчик Python AI;LATOKEN;Продакт Разработчик Python AI;https://tomsk.hh.ru/vacancy/110683187?query=%D0%BF%D1%80%D0%BE%D0%B3%D1%80%D0%B0%D0%BC%D0%BC%D0%B8%D1%81%D1%82&hhtmFrom=vacancy_search_list
Инженер-разработчик;ООО ЛЭМЗ-Т;Инженер-разработчик;https://tomsk.hh.ru/vacancy/95877891?query=%D0%BF%D1%80%D0%BE%D0%B3%D1%80%D0%B0%D0%BC%D0%BC%D0%B8%D1%81%D1%82&hhtmFrom=vacancy_search_list
PHP-разработчик (1С-Битрикс);Userstory;PHP-разработчик (1С-Битрикс);https://tomsk.hh.ru/vacancy/108407559?query=%D0%BF%D1%80%D0%BE%D0%B3%D1%80%D0%B0%D0%BC%D0%BC%D0%B8%D1%81%D1%82&hhtmFrom=vacancy_search_list
SQL- разработчик;ООО Б5Групп;SQL- разработчик;https://tomsk.hh.ru/vacancy/110653659?query=%D0%BF%D1%80%D0%BE%D0%B3%D1%80%D0%B0%D0%BC%D0%BC%D0%B8%D1%81%D1%82&hhtmFrom=vacancy_search_list
Программист 1С;ООО ЭЛИТА-ИМУЩЕСТВО;Программист 1С;https://tomsk.hh.ru/vacancy/108378003?query=%D0%BF%D1%80%D0%BE%D0%B3%D1%80%D0%B0%D0%BC%D0%BC%D0%B8%D1%81%D1%82&hhtmFrom=vacancy_search_list
Инженер-программист АСУ ТП;ООО ГК БИТ;Инженер-программист АСУ ТП;https://tomsk.hh.ru/vacancy/110375363?query=%D0%BF%D1%80%D0%BE%D0%B3%D1%80%D0%B0%D0%BC%D0%BC%D0%B8%D1%81%D1%82&hhtmFrom=vacancy_search_list
C# разработчик CAD систем (middle);АО ТомскНИПИнефть;C# разработчик CAD систем (middle);https://tomsk.hh.ru/vacancy/110192074?query=%D0%BF%D1%80%D0%BE%D0%B3%D1%80%D0%B0%D0%BC%D0%BC%D0%B8%D1%81%D1%82&hhtmFrom=vacancy_search_list
Ведущий разработчик;АО ИнфоТеКС;Ведущий разработчик;https://tomsk.hh.ru/vacancy/108442367?query=%D0%BF%D1%80%D0%BE%D0%B3%D1%80%D0%B0%D0%BC%D0%BC%D0%B8%D1%81%D1%82&hhtmFrom=vacancy_search_list
Разработчик C/С++ в команду PMC;UserGate;Разработчик C/С++ в команду PMC;https://tomsk.hh.ru/vacancy/107733323?query=%D0%BF%D1%80%D0%BE%D0%B3%D1%80%D0%B0%D0%BC%D0%BC%D0%B8%D1%81%D1%82&hhtmFrom=vacancy_search_list
Инженер-разработчик С++ в Телеметрию;UserGate;Инженер-разработчик С++ в Телеметрию;https://tomsk.hh.ru/vacancy/101116134?query=%D0%BF%D1%80%D0%BE%D0%B3%D1%80%D0%B0%D0%BC%D0%BC%D0%B8%D1%81%D1%82&hhtmFrom=vacancy_search_list
Программист C++ middle/senior;АО Научно-производственная фирма Микран;Программист C++ middle/senior;https://tomsk.hh.ru/vacancy/110196353?query=%D0%BF%D1%80%D0%BE%D0%B3%D1%80%D0%B0%D0%BC%D0%BC%D0%B8%D1%81%D1%82&hhtmFrom=vacancy_search_list
Ведущий разработчик 1С:ERP (Томск);ООО ИТ-Элемент29;Ведущий разработчик 1С:ERP (Томск);https://tomsk.hh.ru/vacancy/110627773?query=%D0%BF%D1%80%D0%BE%D0%B3%D1%80%D0%B0%D0%BC%D0%BC%D0%B8%D1%81%D1%82&hhtmFrom=vacancy_search_list
Инженер-программист C++;АО Научно-производственная фирма Микран;Инженер-программист C++;https://tomsk.hh.ru/vacancy/110196384?query=%D0%BF%D1%80%D0%BE%D0%B3%D1%80%D0%B0%D0%BC%D0%BC%D0%B8%D1%81%D1%82&hhtmFrom=vacancy_search_list
Python-разработчик (строительный домен, микросервисная архитектура);Sibedge;Сейчас смотрят 3 человека;https://tomsk.hh.ru/vacancy/110697483?query=%D0%BF%D1%80%D0%BE%D0%B3%D1%80%D0%B0%D0%BC%D0%BC%D0%B8%D1%81%D1%82&hhtmFrom=vacancy_search_list
Middle Python разработчик;Антереал;Middle Python разработчик;https://tomsk.hh.ru/vacancy/80229280?query=%D0%BF%D1%80%D0%BE%D0%B3%D1%80%D0%B0%D0%BC%D0%BC%D0%B8%D1%81%D1%82&hhtmFrom=vacancy_search_list
Ведущий программист C++/Qt;АО Научно-производственная фирма Микран;Ведущий программист C++/Qt;https://tomsk.hh.ru/vacancy/110196380?query=%D0%BF%D1%80%D0%BE%D0%B3%D1%80%D0%B0%D0%BC%D0%BC%D0%B8%D1%81%D1%82&hhtmFrom=vacancy_search_list
Kernel developer (Linux-like systems);UserGate;Kernel developer (Linux-like systems);https://tomsk.hh.ru/vacancy/88448241?query=%D0%BF%D1%80%D0%BE%D0%B3%D1%80%D0%B0%D0%BC%D0%BC%D0%B8%D1%81%D1%82&hhtmFrom=vacancy_search_list
Специалист сопровождения 1С (ИТ-компания);ФТО;Специалист сопровождения 1С (ИТ-компания);https://tomsk.hh.ru/vacancy/103104420?query=%D0%BF%D1%80%D0%BE%D0%B3%D1%80%D0%B0%D0%BC%D0%BC%D0%B8%D1%81%D1%82&hhtmFrom=vacancy_search_list
