Название товара;Цена;Ссылка
Люстра Ливсден Brown;20 560руб.;https://www.divan.ru/samara/product/lyustra-livsden-brown
Подвесной светильник Ливсден Brown;5160руб.;https://www.divan.ru/samara/product/podvesnoj-svetilnik-livsden-brown
Настольная лампа Ливсден Brown;9450руб.;https://www.divan.ru/samara/product/nastolnaya-lampa-livsden-brown
Бра Флиммер Black;1860руб.;https://www.divan.ru/samara/product/bra-flimmer-black
Люстра Флиммер Black;8790руб.;https://www.divan.ru/samara/product/lyustra-flimmer-black
Подвесной светильник Флиммер Black;2080руб.;https://www.divan.ru/samara/product/podvesnoj-svetilnik-flimmer-black
Настольная лампа Арбет White;2630руб.;https://www.divan.ru/samara/product/nastolnaya-lampa-arbet-white
Настольная лампа Арбет Black;2630руб.;https://www.divan.ru/samara/product/nastolnaya-lampa-arbet-black
Настольная лампа Арбет Silver;3730руб.;https://www.divan.ru/samara/product/nastolnaya-lampa-arbet-silver
Настольная лампа Арбет Beige;2630руб.;https://www.divan.ru/samara/product/nastolnaya-lampa-arbet-beige
Настольная лампа Арбет Orange;2630руб.;https://www.divan.ru/samara/product/nastolnaya-lampa-arbet-orange
Настольная лампа Леррет Beige;4390руб.;https://www.divan.ru/samara/product/nastolnaya-lampa-lerret-beige
Настольная лампа Леррет White;2850руб.;https://www.divan.ru/samara/product/nastolnaya-lampa-lerret-white
Люстра Синдри Black;15 390руб.;https://www.divan.ru/samara/product/lyustra-sindri-black
Настольная лампа Синдри Grey;4830руб.;https://www.divan.ru/samara/product/nastolnaya-lampa-sindri-grey
Настольная лампа Алней Black;4390руб.;https://www.divan.ru/samara/product/nastolnaya-lampa-alnej-black
Настольная лампа Алней Beige;4390руб.;https://www.divan.ru/samara/product/nastolnaya-lampa-alnej-beige
Настольная лампа Алней Green;4390руб.;https://www.divan.ru/samara/product/nastolnaya-lampa-alnej-green
Настольная лампа Истад White;1860руб.;https://www.divan.ru/samara/product/nastolnaya-lampa-istad-white
Настольная лампа Истад Black;1860руб.;https://www.divan.ru/samara/product/nastolnaya-lampa-istad-black
Торшер Нидлс Khaki;16 490руб.;https://www.divan.ru/samara/product/torsher-nidls-khaki
Настольная лампа Нидлс Raffia Beige;5490руб.;https://www.divan.ru/samara/product/nastolnaya-lampa-nidls-raffia-beige
Настольная лампа Манэт White;2520руб.;https://www.divan.ru/samara/product/nastolnaya-lampa-manet-white
Люстра Боллар White;25 290руб.;https://www.divan.ru/samara/product/lyustra-bollar-white
Настольная лампа Рибе Black;2080руб.;https://www.divan.ru/samara/product/nastolnaya-lampa-ribe-black
Настольная лампа Рибе Orange;2080руб.;https://www.divan.ru/samara/product/nastolnaya-lampa-ribe-orange
Настольная лампа Астри Black;1530руб.;https://www.divan.ru/samara/product/nastolnaya-lampa-astri-black
Настольная лампа Астри Beige;1530руб.;https://www.divan.ru/samara/product/nastolnaya-lampa-astri-beige
Настольная лампа Спайк Pink;1530руб.;https://www.divan.ru/samara/product/nastolnaya-lampa-spajk-pink
Настольная лампа Снибальд White;870руб.;https://www.divan.ru/samara/product/nastolnaya-lampa-snibald-white
Настольная лампа Спайк White;1530руб.;https://www.divan.ru/samara/product/nastolnaya-lampa-spajk-white
Подвесной светильник Клауд White;12 090руб.;https://www.divan.ru/samara/product/podvesnoj-svetilnik-klaud-white
Торшер Клауд White;20 120руб.;https://www.divan.ru/samara/product/torsher-klaud-white
Подвесной светильник Сансет Black;6590руб.;https://www.divan.ru/samara/product/podvesnoj-svetilnik-sanset-black
Торшер Билли Black;21 660руб.;https://www.divan.ru/samara/product/torsher-billi-black
Подвесной светильник Бабл-9;21 990руб.;https://www.divan.ru/samara/product/podvesnoj-svetilnik-babl-9
Торшер Бабл-1;7690руб.;https://www.divan.ru/samara/product/torsher-babl-1
Подвесной светильник Бабл-3;7690руб.;https://www.divan.ru/samara/product/podvesnoj-svetilnik-babl-3
Бра Бабл Black;2850руб.;https://www.divan.ru/samara/product/bra-babl-black
Настольная лампа Дэнди Black;4390руб.;https://www.divan.ru/samara/product/nastolnaya-lampa-dendi-black
Настольная лампа Дэнди White;4390руб.;https://www.divan.ru/samara/product/nastolnaya-lampa-dendi-white
Торшер Варио White;6590руб.;https://www.divan.ru/samara/product/torsher-vario-white
Бра Варио Black;1200руб.;https://www.divan.ru/samara/product/bra-vario-black
Бра Варио White;1200руб.;https://www.divan.ru/samara/product/bra-vario-white
Подвесной светильник Сансет White;6590руб.;https://www.divan.ru/samara/product/podvesnoj-svetilnik-sanset-white
Подвесной светильник Кэндел Black;4390руб.;https://www.divan.ru/samara/product/podvesnoj-svetilnik-kendel-black
Подвесной светильник Кэндел White;4390руб.;https://www.divan.ru/samara/product/podvesnoj-svetilnik-kendel-white
Торшер Сканди White;10 990руб.;https://www.divan.ru/samara/product/torsher-skandi-white
